Post Number,Likes,Date,Paid Partnership,Caption,Hashtags
1,null,null,null,virat.kohli,null
1,"952,153 likes","December 22, 2024",oceanbeverages,virat.kohli,"#Win, #Ocean, #OceanBeverages, #OceanFruitWater, #Hydration, #SupremeHydration, #OceanDrinks, #FruitWater, #NaturalFlavours, #ad"
2,"1,736,117 likes","December 21, 2024",null,virat.kohli,#INDOREKOHLING
3,"962,560 likes","November 30, 2024",null,virat.kohli,"#BlueTribeFoods, #PlanetFriendlyTribe, #PlantBasedNuggets"
4,"3,522,637 likes","November 28, 2024",null,virat.kohli,#UnleashYourWildSide
5,"1,090,882 likes","November 18, 2024",null,virat.kohli,"#Ocean, #DrinkOcean, #SuperiorHydration, #OceanBeverages, #OceanFruitWater, #Hydration, #OceanDrinks, #FruitWater"
6,"4,296,255 likes","November 7, 2024",null,virat.kohli,#sportingbeyond
7,"1,742,964 likes","October 22, 2024",null,virat.kohli,"#Essilor, #Varilux, #ProgressiveLens"
8,"7,247,558 likes","October 9, 2024",null,virat.kohli,#PUMAxVirat
9,2 others,"October 2, 2024",pumaindia,virat.kohli,#iykyk
10,2 others,"September 25, 2024",null,virat.kohli,"#thatsitthatsdigit, #dothedigit, #digitlifeinsurance"
11,"2,020,740 likes","September 24, 2024",null,virat.kohli,#PUMABirthdayBash
12,"2,509,362 likes","September 17, 2024",null,virat.kohli,"#ChooseBold, #RoyalChallengePackagedDrinkingWater, #ChooseBold, #NayaSher, #Jersey18"
13,"1,493,283 likes","September 10, 2024",null,virat.kohli,"#Luxor, #LuxorSchneider, #LXMAX, #SchneiderPen, #LikhoMaximum, #DreamTeam, #pens"
14,2 others,"August 27, 2024",bluetribeofficial,virat.kohli,"#plantprotein, #bluetribe"
15,3 others,"August 24, 2024",null,virat.kohli,"#TeamBlueRising, #LakeComo, #PAIDPARTNERSHIP, #TEAMOWNER"
16,"2,190,171 likes","August 11, 2024",null,virat.kohli,#MOHALIKOHLING
17,"1,604,159 likes","August 9, 2024",essilor,virat.kohli,"#eyezen, #DigitalEyeStrain, #visioncare, #essilor, #digitalwellness"
18,"1,711,456 likes","July 16, 2024",bluestar_ltd,virat.kohli,"#BlueStar, #Ad, #Aesthetics, #Nextgen, #NextgenCooling, #CompactAcSystem, #EfficientCooling, #system, #hang"
19,"5,578,550 likes","July 9, 2024",null,virat.kohli,"#avaswellness, #baughofwonders, #alibaug, #avasxvirat"
20,"14,178,942 likes","July 4, 2024",null,virat.kohli,null
21,"16,121,330 likes","June 30, 2024",null,virat.kohli,null
22,"21,739,704 likes","June 30, 2024",null,virat.kohli,null
23,3 others,"June 1, 2024",null,virat.kohli,"#TIDLIndia, #UnleashTheWarrior, #ConorMcGregor, #ViratKohli, #PainReliefRevolution, #FitnessIndia"
24,"1,719,956 likes","May 29, 2024",null,virat.kohli,"#CHOOSEBOLD, #ChooseBold, #CHOOSEBOLD, #NayaShers"
25,"1,670,486 likes","May 28, 2024",null,virat.kohli,"#collab, #Boost, #SecretOfMyEnergy, #Stamina, #BoostIndia"
26,"1,804,060 likes","May 27, 2024",amtouristerin,virat.kohli,"#TravelWithAmericanTourister, #AmericanTouristerIndia, #AmericanTourister"
27,"1,771,170 likes","May 26, 2024",oceanbeverages,virat.kohli,"#SuperiorHydration, #Summerflavours, #Newlaunch, #OceanBeverages, #OceanFruitWater, #Hydration, #OceanDrinks, #FruitWater, #ad, #iesalacupnamde"
28,"7,018,212 likes","May 24, 2024",null,virat.kohli,null
29,"3,811,801 likes","May 23, 2024",null,virat.kohli,"#HYDKohling, #HitechCity, #CommuneinHYD"
30,"1,249,274 likes","May 22, 2024",null,virat.kohli,"#MaximumPerformance, #Luxor, #LuxorSchneider, #LXMAX, #SchneiderPen, #LikhoMaximum, #JeetKaMantra, #pens, #ad"
31,"1,893,732 likes","May 7, 2024",null,virat.kohli,"#GarmiKiChhutti, #BlueStar, #FastCoolingAC, #Summer, #Ad"
32,"1,130,240 likes","May 3, 2024",null,virat.kohli,null
33,"14,679,897 likes","May 1, 2024",null,virat.kohli,null
34,"1,566,177 likes","April 30, 2024",oceanbeverages,virat.kohli,"#Contest, #giveaway, #OceanBeverages, #OceanFruitWater, #Hydration, #SupremeHydration, #OceanDrinks, #FruitWater, #ad"
35,"1,271,358 likes","April 21, 2024",oceanbeverages,virat.kohli,"#mini, #OceanBeverages, #OceanFruitWater, #Hydration, #SupremeHydration, #OceanDrinks, #FruitWater, #NaturalFlavours, #ad"
36,"1,743,179 likes","April 15, 2024",null,virat.kohli,"#MonsterMurphy, #MasterOfMischief, #StayWrogn"
37,"1,816,685 likes","April 5, 2024",null,virat.kohli,"#StayWrogn, #SS24"
38,"1,398,383 likes","April 2, 2024",oceanbeverages,virat.kohli,"#Contest, #OceanBeverages, #OceanFruitWater, #Hydration, #SupremeHydration, #OceanDrinks, #FruitWater, #Hydration, #ad"
39,"1,871,121 likes","March 24, 2024",null,virat.kohli,"#StayWrogn, #SS24"
40,"11,338,092 likes","February 20, 2024",null,virat.kohli,null
41,"2,745,499 likes","January 31, 2024",null,virat.kohli,"#JeddahGP, #TeamBlueRising, #E1Series, #JeddahGP, #PAIDPARTNERSHIP, #TEAMOWNER"
42,"1,680,232 likes","January 21, 2024",oceanbeverages,virat.kohli,"#Newlaunch, #Livelylychee, #OceanBeverages, #OceanFruitWater, #Hydration, #SupremeHydration, #OceanDrinks, #FruitWater, #NaturalFlavours, #ad"
43,"1,694,458 likes","January 12, 2024",staywrogn,virat.kohli,"#StayWrogn, #WrognUnplugged, #ad"
44,"2,511,748 likes","January 10, 2024",avaswellness,virat.kohli,"#avasxvirat, #inhabityourbestself, #alibaug, #baughofwonders, #luxuryvillas, #avaswellness, #ad"
45,"2,355,549 likes","December 18, 2023",one8.commune,virat.kohli,"#one8CommuneBlr, #ad"
46,"5,340,421 likes","December 16, 2023",pumaindia,virat.kohli,#ad
47,"1,540,156 likes","December 13, 2023",oceanbeverages,virat.kohli,"#EnergyDrink, #PlantbasedCaffeine, #RecyclesForever, #SustainableLiving, #oceanbeverages, #EnergyDrink, #ballbeverages, #ad"
48,"9,893,072 likes","December 12, 2023",null,virat.kohli,null
49,"12,912,128 likes","December 12, 2023",null,virat.kohli,null
50,"1,471,130 likes","December 11, 2023",herbalifeindiaofficial,virat.kohli,"#Imwithyou, #Herbalife, #HerbalifeIndia, #ad"
